y_true,y_pred,y_proba
0,1,0.9452946931679098
0,0,0.19943076693528106
0,0,0.029295632404869067
0,1,0.9174729920024454
0,1,0.9728238194625128
0,0,0.6229938226663454
0,1,0.7209048770026081
0,1,0.7163546069493311
0,1,0.7206739013321365
0,0,0.6468971846820851
0,0,0.2393004059463012
0,0,0.018670604658215167
0,1,0.8712613865134796
1,1,0.6813326633998981
0,1,0.9652891122528939
0,0,0.5321176991986285
0,0,0.22272738092191766
0,0,0.43902168611817394
0,0,0.11532342873202289
0,1,0.9319526448222586
0,0,0.02403796713691792
0,0,0.4261247466484907
0,1,0.9151188252076426
0,1,0.796911567072142
0,1,0.9471887221147433
0,1,0.6946727279126875
0,0,0.4435272808197062
0,1,0.9046348383508425
0,0,0.6056941461964047
0,1,0.6815888203323802
0,1,0.7773523633202414
0,1,0.7931601204738137
0,0,0.217169826655012
0,1,0.7841661748777456
0,0,0.4308775073758824
0,1,0.9604183163693439
0,0,0.3516989796088035
0,0,0.2857705912476984
0,0,0.2991008361457215
0,0,0.12048294531174034
0,0,0.0025983361035245944
0,0,0.5929901828239071
0,0,0.4837379424690397
0,0,0.28463222650400455
0,0,0.3105329741261414
0,1,0.8442413024962597
0,0,0.08337000142567162
0,1,0.9925283961865732
0,0,0.09855313965375793
0,0,0.49150632959563983
0,1,0.9755845866176519
0,1,0.9323078510216276
0,1,0.9319442212765654
0,0,0.41762991092496543
0,0,0.5934114089082153
0,0,0.5674898544371442
0,0,0.30007874284398073
0,0,0.626953883427923
0,1,0.9567160117112429
0,0,0.2232969217167857
0,0,0.4850843008611625
0,1,0.7398629032889498
0,0,0.4384798391583451
0,0,0.2731031616834144
0,1,0.9740218061580915
0,1,0.7728791238569133
0,0,0.3411911370267324
0,1,0.95188453398261
0,1,0.7201399710869663
0,1,0.9663763241468679
0,0,0.24151024946583938
0,1,0.7735295275338165
0,1,0.8273045682883534
0,0,0.4174958605384607
0,1,0.6602568205305088
0,0,0.13767154096305703
0,1,0.8995981938321719
0,1,0.6627067712779948
0,0,0.6162167036898731
0,0,0.040237471267894905
0,1,0.957991642693429
0,0,0.07727428454172185
0,0,0.5748416335768678
0,0,0.5923459459723487
0,1,0.9555611022236205
0,1,0.9666979345193001
0,1,0.9261657080248245
0,0,0.32492593948635906
0,0,0.1409628796247601
0,0,0.6067696613292218
0,1,0.9668184978155003
0,1,0.945270789391401
0,1,0.9377812379240154
0,1,0.9751775767500183
0,0,0.2954392268850246
0,0,0.6029424150196697
0,1,0.7644491084431645
0,1,0.9410342960564085
0,0,0.25822439468343833
0,1,0.9559448361656165
0,0,0.3751715778923425
0,0,0.5378545080752203
0,1,0.720602056498692
0,1,0.9948087566912992
0,0,0.5502611865106535
0,0,0.26187743738900987
0,1,0.9342768360105093
0,1,0.7299487059674914
0,0,0.36533273058123655
0,0,0.1813287953736743
0,0,0.3363722092067273
0,1,0.6950604061623938
0,1,0.9566592156995248
0,1,0.9076032734318678
0,1,0.8393404513839425
0,0,0.6302618415501058
0,1,0.7685508207306868
0,1,0.9587375166705235
0,0,0.46551104608259686
0,1,0.9708133222936531
0,0,0.6474947818219026
0,1,0.7495361881366907
1,0,0.3119026087985624
0,1,0.8187958022819104
0,0,0.3967438859796718
0,1,0.6944337085399593
0,1,0.8288659244947844
0,1,0.9452263362389789
0,0,0.16075141637678286
0,0,0.17140603506699828
0,0,0.5604629560847864
0,1,0.9617781732525856
0,0,0.3175787583349897
0,0,0.22907633762487564
0,1,0.7381600413314036
0,1,0.7592829517271906
0,0,0.5802468065063302
1,1,0.7602454073203831
0,1,0.7404467503040743
0,1,0.7163093330399574
0,1,0.6794197955170801
0,1,0.7271132250302909
0,0,0.38694915615861825
0,0,0.4769874338272847
0,0,0.3059596743107951
0,0,0.3053076824468185
0,1,0.9867581903204812
0,0,0.07181458509983192
0,1,0.7193121414090968
0,1,0.7029954897921059
0,1,0.8964455796863013
0,1,0.7246348219504705
0,1,0.734938376077187
0,1,0.780973971713857
0,0,0.6302606649643767
0,1,0.6711320251368543
0,1,0.9706102619853221
0,1,0.9635335432302258
0,0,0.5026121731576745
0,0,0.0752104318665839
0,1,0.9430842991359282
0,0,0.2850871952894949
0,0,0.1922114852594579
0,1,0.7990790294725144
0,0,0.6119062082061753
0,0,0.6056917276542013
0,0,0.6070822626835686
0,1,0.9492869220999425
0,0,0.13695852745237846
0,1,0.9275620634327295
1,1,0.8888872151761364
0,0,0.167340014025309
0,1,0.9341812870827665
0,0,0.3309105761381371
0,1,0.6817527450128152
0,1,0.7348302699924608
0,1,0.8009109608673548
0,1,0.9655602177091991
0,1,0.7205169444346519
0,1,0.9413024253778524
0,1,0.8456479286789401
0,1,0.6720577542209673
0,0,0.5147069183258963
0,1,0.9761563242119508
0,1,0.7235123937460058
0,0,0.3649506954088232
0,1,0.8597708444197151
0,0,0.09638595046305728
0,0,0.2545131484938683
0,0,0.5808226603127354
0,1,0.9540997602600806
0,0,0.5700983157177114
0,1,0.7356380700649257
0,0,0.5976025863715263
0,0,0.08052284440010397
0,1,0.9960080750706835
0,1,0.9805243065353898
0,1,0.6774778154989876
0,1,0.9962198928148026
0,1,0.9514203308015394
0,1,0.9595013384382073
0,0,0.1279293382686485
0,1,0.9951867339204221
0,0,0.5770453324821995
0,0,0.15902351281612676
0,1,0.9018749726923548
0,1,0.7547289461417931
0,1,0.9757358682949309
0,0,0.22455831720694167
0,1,0.8552840499349305
0,0,0.2037996944317901
0,0,0.3332646828604098
0,1,0.785314457207676
0,1,0.8103728512835034
0,0,0.09851689924983298
0,0,0.6171536254140066
0,1,0.8991080463247813
0,1,0.9727794605786965
0,1,0.7578316147470946
0,0,0.1256392340684613
0,0,0.5505685451502824
0,0,0.28967697763741296
0,1,0.7870353027917588
0,1,0.6600951143554837
0,1,0.713766536215586
0,1,0.6965160088320567
0,0,0.30243700981165555
0,1,0.9632719812640776
0,0,0.5092112271863067
0,1,0.7892476345967377
0,1,0.9685115616218549
0,0,0.6402452143940863
0,1,0.765938624905236
0,1,0.8135456355192919
0,0,0.22988300913267576
0,0,0.20826281951369288
0,1,0.8310891483604174
0,0,0.25518450677897825
0,1,0.9563870216261267
0,0,0.6373276050769979
0,1,0.9569118281116664
0,0,0.009014808496777943
0,0,0.5692644843228665
0,0,0.6327150913621583
0,0,0.42372204939596997
0,0,0.24417486794421842
0,1,0.665836113075343
0,0,0.6525944420808586
0,1,0.6731151322313175
0,1,0.9138523501462152
0,1,0.9465162313736086
0,0,0.6502116648896871
1,1,0.9540051152111003
0,1,0.7390826470267772
0,0,0.09346289532880991
1,1,0.8107142453555984
0,0,0.5200756248911323
0,0,0.6377837457568711
0,1,0.9336212890395046
0,0,0.6067842679779617
0,0,0.6168001894645696
0,0,0.3450295472329647
0,1,0.6655515615773014
0,0,0.418940931216948
0,0,0.12981372673019528
0,1,0.8004666915216959
1,1,0.9678128776838034
0,1,0.8084791648571569
0,0,0.14847954827341012
0,1,0.9884893378493897
0,0,0.5107571481480689
0,0,0.47961410664461074
0,1,0.7224815577720035
0,1,0.7101697789397093
0,1,0.9746278373638307
0,1,0.9382574147554765
0,0,0.2632059279234692
0,0,0.4189568464517641
0,0,0.40680922939748787
0,0,0.3616586307466683
0,1,0.9366993989812783
0,0,0.5899748487088129
0,1,0.9578700234183574
0,0,0.3401561616515621
0,0,0.07169477665177779
0,1,0.9960556586903273
0,0,0.5718127777234135
0,1,0.9343241275610173
0,0,0.16160354693742662
0,1,0.8343935176511008
0,0,0.542613886601286
0,0,0.6492124933823116
0,1,0.7170921439987032
0,0,0.5168937847591781
0,1,0.7209365040946327
0,0,0.5279328168381225
0,0,0.6058817084211616
0,1,0.9588547446105835
0,1,0.6757185482699583
0,1,0.9577734448874958
0,0,0.46368678803950286
0,0,0.5670755257157171
0,0,0.21233082322310462
0,1,0.9133025371274636
0,0,0.22898942515124124
0,0,0.21413379351459705
0,0,0.049582519448678246
0,0,0.03989821897576013
0,1,0.6572589826817179
0,0,0.24305262132471198
0,1,0.9543905164228735
0,1,0.9816074048004004
0,1,0.8830865253755157
0,0,0.4425685692504903
0,0,0.17296534677424663
0,1,0.7990859849421664
0,1,0.9427628605186547
0,0,0.42920216215284457
0,0,0.524833209488352
0,1,0.9449551225872919
0,0,0.1493172792284366
0,1,0.9677587013495481
0,1,0.9788902573053442
0,1,0.7147843920189569
0,1,0.9521821627732563
0,1,0.9972405558819217
0,0,0.5960548682764273
0,1,0.89791121911361
0,0,0.07095373124832823
0,1,0.9577735577070066
0,0,0.14364705249244314
0,1,0.9113895129532751
0,0,0.5033432961837543
0,0,0.6340949082171802
1,0,0.1526573053185972
0,0,0.060088970784113516
0,0,0.6105242009959907
0,1,0.7331388813237437
0,0,0.13718865018413562
0,0,0.26389344531552333
0,1,0.6950076022357766
0,0,0.17590210706608694
0,0,0.6007994353681695
0,0,0.21441083274892095
0,1,0.9691908831643719
0,1,0.9602799470252703
0,0,0.23475770636635132
0,1,0.7237985792323046
0,0,0.3383002911690266
0,0,0.2341217890442101
0,0,0.4264390953888415
0,0,0.25825059505077264
0,0,0.1650990529227067
0,0,0.004449359513046054
0,0,0.492571615012176
0,0,0.5794182053718286
0,1,0.9276356924439568
0,0,0.19648422089407303
0,0,0.2553273399909761
0,1,0.9135950963494496
0,0,0.2372292148634752
0,1,0.8284563923052696
0,1,0.9291103884147653
0,0,0.4851953997966644
0,1,0.951596114904999
1,1,0.9592907707785645
0,0,0.24674016965435108
0,1,0.6782482413353083
0,1,0.694358351317291
0,0,0.45912070007614714
0,0,0.06474007108833527
0,0,0.10222155273714713
0,0,0.20907889168552402
0,0,0.5713707920964354
0,0,0.6135352645865254
0,0,0.15682848354376458
0,1,0.8493849845673367
0,1,0.987679072135148
0,0,0.4653150560321409
0,1,0.7627387675383197
0,0,0.22368372017227658
0,0,0.35124431881210505
0,0,0.6477694927478365
0,1,0.9291612406035783
0,0,0.19937327210944256
1,1,0.9468026549215607
0,1,0.9513669992406466
0,1,0.9627234644942639
0,1,0.8879743449147474
0,1,0.977372987694192
0,1,0.8026608673069449
0,1,0.718425180143805
0,0,0.3634218432465495
0,1,0.8036755131387808
0,0,0.5973608752188198
0,0,0.5424860633662846
0,0,0.6182288956221569
0,0,0.2715378075027522
0,1,0.7435871953520987
0,0,0.5954466899909865
0,1,0.7660926143094134
0,0,0.6198317940239244
0,1,0.6869155358774091
0,1,0.9951252295144837
0,0,0.6488236652479386
0,0,0.4967507096427636
0,0,0.19693263902669628
0,0,0.17772516262329638
0,0,0.4816036742101934
0,0,0.39055437272507654
0,0,0.24076009848704516
0,1,0.7435706621677756
0,0,0.061722414711730206
0,0,0.6013166310939809
0,1,0.9251469180821376
1,0,0.18730895835099723
0,0,0.3041294317913191
0,0,0.577563231762576
0,0,0.623563140112297
0,0,0.6206374973857928
0,1,0.9696837331033545
0,0,0.2978092981551985
0,0,0.5850921498911614
0,0,0.17666194366002347
0,0,0.23870616930606983
0,1,0.895979516433145
0,1,0.9526346569484571
0,0,0.06156643423737631
0,1,0.9683895071071194
0,0,0.2329769656439431
0,0,0.5993115735418918
0,0,0.25184111069871484
0,0,0.6561775692071043
0,0,0.622092308942366
0,0,0.626769764120125
0,0,0.5589700919097074
0,1,0.7005463830153282
0,0,0.24171792248614607
0,1,0.8878712723845968
0,1,0.8615015220201093
0,1,0.7373576408377445
0,1,0.932743269035366
0,0,0.34859818560182043
0,0,0.33662860471825373
0,0,0.4786018433688187
0,1,0.9826342481167895
0,1,0.9337986212364416
0,0,0.3521371913120433
0,1,0.9162104596874465
0,0,0.045774668902673524
0,0,0.4082466933577835
0,0,0.0014496097182815084
0,0,0.6007847536552476
0,0,0.1683448012100943
0,1,0.78755769870518
0,0,0.16792554296603898
0,0,0.5782044031293837
0,0,0.2908682012310067
0,1,0.946815223594417
0,1,0.6869383617419833
1,0,0.0675779795012064
0,1,0.9494252867523831
0,1,0.713589878623011
0,1,0.6590291775090259
0,0,0.5988605472662466
0,0,0.07718932933901494
0,1,0.7136313538719605
0,1,0.7420615102682331
0,0,0.6283424087091385
0,1,0.9586733329823067
0,0,0.2108168025983124
0,0,0.6534272785585846
0,1,0.7069180264276993
0,1,0.8331188999103917
0,1,0.8747209410119383
0,1,0.9611109623372104
0,1,0.8668946151334546
0,0,0.10502391976198412
0,1,0.6810542950910673
0,0,0.49821547882985906
0,0,0.10957027116255508
0,1,0.9626234115734166
0,1,0.9634775841386826
0,1,0.8540258041914517
0,0,0.18551771480795082
0,0,0.47118223174080115
0,0,0.20501427038089118
0,1,0.9550256563925749
0,1,0.7367355212421802
0,0,0.5951227251668705
0,1,0.6912391284155375
0,0,0.2126540208117414
0,0,0.3887345519778389
0,0,0.5972072310479672
0,1,0.9438007072021345
0,0,0.504823412627669
0,1,0.9920603425018903
0,0,0.6182602501157703
0,1,0.7090160517360049
0,1,0.9643964004343536
0,1,0.9251628891281929
0,1,0.703264460869253
1,1,0.6840229988591453
0,1,0.9094081011811562
0,0,0.3199096287167104
0,1,0.6608318641008443
1,1,0.8149154553494738
0,1,0.6925273512123081
0,1,0.6994539828840793
0,1,0.7467403407268893
0,0,0.47688671510462716
0,1,0.6695387591327712
1,1,0.6787789867187701
0,1,0.7250049145683762
0,1,0.9039252551466839
0,0,0.4854357931108688
0,0,0.2219916662853092
0,0,0.46057548044657215
0,1,0.9857200472328103
0,0,0.1094692274681302
0,0,0.04044675920404741
0,1,0.9373524584238833
0,1,0.9503876905369978
0,1,0.7277106796976271
0,0,0.6205506460172409
0,1,0.8270115384383296
0,0,0.060931500061517506
0,1,0.9184129001336656
0,0,0.6265783881409422
0,1,0.6857576124897489
0,1,0.898305720336162
0,1,0.9195086380935957
0,1,0.7009139235060489
0,1,0.6682212447409516
0,1,0.693643825375803
0,1,0.9703614734875732
0,1,0.7351552849104391
0,0,0.38396112652366515
0,1,0.9511113605038132
0,1,0.9667010371194361
0,1,0.968211435864496
0,0,0.039766183524188176
0,0,0.5365293277617339
0,1,0.7489151787847776
0,1,0.8153564871411776
0,1,0.6902458028640217
0,0,0.5241259606616587
0,0,0.5521986855180164
0,0,0.6065797852677913
0,1,0.7314326081806691
0,0,0.5707153188005316
0,0,0.5456918265728125
0,1,0.6688396557673648
0,0,0.1886341377835847
0,0,0.05420612308454282
0,1,0.9176735460314399
0,0,0.1135048069215321
0,0,0.23466325075242117
0,1,0.9486902298325276
0,0,0.10506090698212596
0,1,0.8114713667520957
0,0,0.06274414302693548
0,0,0.2905419404545055
0,0,0.6137164055763406
0,1,0.9240275805859466
0,1,0.9936366923274711
0,1,0.9502810735463318
0,0,0.19630401667942393
0,1,0.9578522640770589
0,0,0.23762430535285248
0,0,0.06574299095613965
0,0,0.06970963923678644
0,1,0.9326051583279187
0,0,0.16721672256472384
0,1,0.7472607583129138
0,0,0.5785634386633576
0,1,0.9158776055762742
0,1,0.9291489830647207
0,0,0.5770212618596752
0,1,0.7291068003745685
0,0,0.09215051848121279
1,1,0.9447630843116147
0,1,0.9403776328938043
0,0,0.10293476700965223
0,0,0.6548788798052098
0,1,0.7600572436136002
0,1,0.9109492044102461
0,1,0.8705564441137379
0,0,0.5983364995123954
0,0,0.21912509065701902
0,1,0.7531313306992614
0,1,0.7027581289250103
1,1,0.6820410857902128
0,1,0.9327917834291455
0,0,0.630806708994785
1,0,0.032862769772527146
0,1,0.6574324196021762
0,0,0.27077514307064754
0,0,0.5442598858348716
0,0,0.580302871705015
0,0,0.3336691235665892
0,1,0.9890675960905646
0,1,0.758080318988413
0,1,0.6917138248818685
0,0,0.36473764506549056
0,1,0.8649996370923425
0,0,0.12763186067398588
0,0,0.3704832114739227
0,0,0.6178370482238962
0,1,0.735387685154575
0,1,0.7248421649628234
0,1,0.7308209698620255
0,1,0.6691731223220134
0,1,0.7691566314960244
1,0,0.5836147783412804
0,0,0.34357195463102264
0,1,0.9693943775153372
1,0,0.21941855883633454
0,1,0.7243024651726117
0,0,0.14558978990437263
0,0,0.183959580284767
0,0,0.39367904923589647
0,0,0.518874333723373
0,0,0.1305273147954969
0,0,0.05254991705806063
0,0,0.28432808677077404
0,1,0.9434273269038302
0,0,0.3212990689739868
0,1,0.7143889058886784
0,1,0.6854857561498948
0,0,0.3246472986535466
0,0,0.43059933214708535
0,0,0.30930237384541326
0,1,0.7892476409718464
0,1,0.8773421932167361
0,1,0.848894843131922
0,0,0.2014415854359897
0,1,0.9416343585722792
0,0,0.3773399119325681
0,1,0.9158844343560898
0,1,0.99342536830915
0,0,0.43243238342242285
0,0,0.653158385203313
0,0,0.33526934682126397
0,0,0.1516448728593877
0,0,0.3694061372355675
0,0,0.567189464958729
0,0,0.031598767916828224
0,1,0.9440542709111328
0,1,0.9666678874629773
0,0,0.34043824410423507
0,0,0.2769605283861816
0,1,0.6666078881118428
0,0,0.2933418449026819
0,0,0.36943986684321206
0,1,0.9515404304568147
0,0,0.0670646845091154
0,0,0.4976661025746716
0,1,0.9633369070152151
0,1,0.9561477000145507
0,1,0.9059233485613672
0,1,0.945178296041774
0,1,0.9035215042314322
0,0,0.10194206723524706
0,0,0.3698570654561131
0,0,0.26304232135925226
0,0,0.20583277842911396
0,1,0.9960705396624489
0,1,0.9762175229440746
0,1,0.7705589955091544
0,1,0.7388434962827084
0,0,0.547974823069366
0,0,0.6192170109196828
0,1,0.9487393540610755
0,0,0.37625950355696247
1,0,0.1265100442633493
0,0,0.6181326143345726
0,0,0.10740951668044288
0,1,0.9515511551917709
1,1,0.9328618757538347
0,1,0.7387428702940579
0,1,0.9604626074266491
0,0,0.4805735690379573
1,0,0.27815094458307194
0,0,0.18730525944859172
0,0,0.026384535872927415
0,1,0.9626800224110922
0,1,0.8174390214934704
0,0,0.5894567441339288
0,0,0.07082840204864801
0,0,0.2777983219346357
0,0,0.4757280491768778
0,1,0.9476199465765653
1,1,0.7457889978318827
0,0,0.6279672679441155
0,1,0.9945677694309896
1,0,0.5509768977349936
0,1,0.7101474168329042
0,0,0.3913808679728203
0,1,0.6769833438181175
0,0,0.5355722395835897
0,1,0.7363467187026485
0,0,0.14522797199601345
0,1,0.6702964305170068
0,1,0.6929342775205126
0,1,0.7891609956237101
0,0,0.47845177746912204
0,0,0.2907125923633073
0,0,0.06502938988844167
0,1,0.950968740611168
0,1,0.9546791376189252
0,0,0.19574786316512705
0,1,0.8170899094721632
0,0,0.16493191826306763
0,1,0.9510887818069121
0,0,0.559039761704189
0,1,0.7326979187286412
0,0,0.6032056903305326
0,0,0.5342492666583603
0,1,0.6658163119434491
0,0,0.3037405293249668
0,0,0.6039847486731931
0,0,0.3620345851646357
0,1,0.9429523248226208
0,0,0.6536188530376589
0,0,0.6044288188342135
0,1,0.9327498665699782
0,0,0.0011684183360608045
0,1,0.9943728505947221
0,1,0.9689795955267676
0,1,0.7997187236384582
1,1,0.930724862074037
0,1,0.9537001150213055
0,1,0.6967392976929264
0,1,0.9681667043653437
0,1,0.9593323846441191
0,1,0.9448325442872471
0,0,0.5658865665399684
0,1,0.7968131984775636
0,0,0.37421456575758
0,0,0.10892195198879043
0,0,0.25254720907294353
0,0,0.38594366893244497
0,1,0.7041153599453984
0,1,0.8448643978870628
0,1,0.7726796786628604
0,0,0.6031798409592546
0,0,0.05791219624850933
0,1,0.898978703223046
0,0,0.02139106824458442
0,1,0.7365367566700419
0,0,0.10975633241420744
0,0,0.4092455020320623
0,1,0.9079272288916325
0,1,0.8555289334812709
0,0,0.2608029209511467
0,1,0.9520992876829971
0,0,0.15546934808381435
0,1,0.96200069958844
0,0,0.23893640182134782
0,0,0.3013157949654549
1,1,0.9436433509791551
0,1,0.9958155389706891
0,1,0.6894191816569955
0,0,0.11449937996325694
0,1,0.9463139119590182
0,1,0.7554979238963385
0,0,0.36496402793655697
0,1,0.9509223832216989
0,1,0.9647325874005553
0,0,0.6413875844962835
0,1,0.7229436386847697
0,1,0.7233069060351913
0,1,0.8740818358083535
0,0,0.28920495241003924
0,0,0.05404715009638096
0,1,0.9443740198852995
0,1,0.8082261408226808
0,0,0.6502054838521172
0,1,0.8819487242840012
0,1,0.9371399444753036
0,1,0.9436059407683646
0,0,0.3749863849958451
0,1,0.7663188501693148
0,1,0.7050326798542991
0,0,0.5312582709139771
0,0,0.18784644479614448
0,0,0.14754068137548815
1,1,0.8323202927685116
0,1,0.9432041564087985
0,1,0.6757132363900861
0,0,0.5740873462890143
0,0,0.192105667309619
0,0,0.049843871829769175
0,1,0.7931784127142566
0,1,0.7593935370963831
0,1,0.9655561109336478
0,1,0.9528911696997584
0,1,0.7083789834210799
0,1,0.6893495319582099
0,1,0.7078143533473819
0,0,0.1631007627777822
0,1,0.6973708986456515
0,1,0.9712682842822925
0,1,0.9370034517960867
0,0,0.16682707796682766
0,1,0.8977160695571375
0,1,0.9534658674770893
0,1,0.7230405719075736
0,0,0.31094331704124584
0,1,0.6748904314111808
0,1,0.942499026904024
0,1,0.8504819216597295
0,1,0.7942589821819894
0,0,0.4057447486094859
0,1,0.9602287139646919
0,1,0.9923258987076986
0,0,0.5820563218809903
0,1,0.9509726458213719
0,0,0.5362365993007161
0,0,0.1790018471417127
0,1,0.9376355169719588
0,0,0.6566982468330086
0,1,0.8473413960967403
0,1,0.9274279771089252
0,0,0.5882977448941793
0,1,0.9633365913374589
0,0,0.5670143248898568
0,0,0.6462435952517638
0,1,0.9686377701270646
0,1,0.9481639058877709
0,1,0.9954045794031704
1,0,0.5601285671484858
0,0,0.2657893044735132
0,1,0.7576711096407958
0,1,0.839423657181414
0,0,0.1299611889948282
0,1,0.7538823459292912
0,1,0.9616876172347195
0,0,0.24011164821813202
0,0,0.14374440078931738
0,0,0.24820987181538856
0,0,0.12117551366245456
0,0,0.2788949647651748
0,0,0.6060626420634511
0,1,0.8282361858941476
0,0,0.09804204133950085
0,1,0.8568604249829562
0,0,0.11131628312894262
0,1,0.7966824340697963
0,1,0.8236048578158498
0,0,0.2048352360067449
0,1,0.670036545606509
0,1,0.9477708157637807
0,1,0.9594986235970375
0,0,0.501146276139421
0,0,0.6255921450682214
0,1,0.6733487944531971
0,0,0.4731698255158238
0,0,0.5614229103523449
0,1,0.9748709203829545
0,1,0.9620017516802664
0,0,0.6142587819623557
0,0,0.652821437015779
0,0,0.24909436030744433
0,0,0.03606139236560813
0,0,0.5059060677511702
0,0,0.5648797901961743
0,1,0.9277664777285516
0,0,0.6426116937605484
0,0,0.6441843223868666
0,1,0.9118107985322959
0,1,0.7276388268998588
0,1,0.9550265329489611
0,1,0.7200277377255122
0,1,0.9365186308665714
0,1,0.7150026711279948
0,0,0.4952340892653189
0,1,0.9306329434921011
0,1,0.820672336398489
0,1,0.9348381672524939
0,1,0.8561730077552013
0,1,0.907418478949921
0,1,0.6971472088055302
0,1,0.7283696627910895
0,0,0.4475787635797158
0,0,0.24061911542219147
0,0,0.2709709076033916
0,0,0.14967180688400167
0,0,0.2948971677408919
0,1,0.7053250370469253
0,0,0.1396719299884129
0,0,0.1815550076745007
0,0,0.17764979858776606
0,1,0.7712703197790983
0,1,0.95954358357573
0,0,0.17131622619143447
0,1,0.6701837913757944
0,0,0.3393030790113181
0,1,0.8489588315114491
0,1,0.6844955572789203
0,0,0.23079957802876713
0,0,0.5747617137597612
0,0,0.06289464964931825
0,1,0.8123205954738488
0,1,0.7931550432938325
0,0,0.27131263733095523
0,0,0.30685626385982817
0,1,0.7716991779853795
0,1,0.95473954815918
0,0,0.006776595191725488
0,0,0.12103080925478793
0,1,0.6778608061980307
0,1,0.730727375329244
0,1,0.9478858271400176
0,1,0.764510934265125
0,0,0.15993160552642094
1,0,0.16133470804569655
0,0,0.5400982316695563
0,1,0.9735626334931251
0,1,0.9726563559550422
0,1,0.7216501817223113
0,1,0.673893106707437
0,0,0.4000463102371551
0,1,0.6652807835640262
0,1,0.9644786400132354
1,1,0.7450996487419658
0,0,0.1759588417723099
0,0,0.23232610127963535
0,0,0.5964823475736909
0,1,0.6935229966834302
0,1,0.7001897786208513
0,1,0.6706183309987521
0,1,0.7260471715230773
0,0,0.24156464211388062
0,1,0.9714844381254715
0,1,0.6721798091537549
0,0,0.43864143705071196
0,1,0.9560322524975102
1,1,0.9736131274452499
0,1,0.9313497682819124
0,0,0.10753850026472196
0,0,0.13778750810682455
0,0,0.2089776296561601
0,0,0.19588113466944757
0,1,0.7755360668615505
0,0,0.09383271876980162
0,0,0.6502354378857967
0,0,0.16589910947591918
0,1,0.9405434225006751
0,0,0.6487999496975689
0,0,0.6496028719904978
0,0,0.5536619183861682
0,0,0.5409440803178508
0,0,0.5717687149495563
0,0,0.6400911761273749
0,0,0.32451626731714545
0,1,0.7077043350054338
0,1,0.9480018102016312
0,1,0.9387027240503016
0,1,0.7416034861066613
0,0,0.4941864616206692
0,1,0.9452473958369271
0,1,0.7314758439019389
0,1,0.6693571198410417
0,0,0.1939779954508274
0,1,0.7451001910265772
0,0,0.03466056793862143
0,1,0.9952712499640991
0,0,0.6079978309066977
0,0,0.06468447643293827
0,0,0.37939956296890753
0,1,0.7691888560103475
0,0,0.19156595343750962
0,1,0.7318812693942635
0,1,0.9894312080023442
0,1,0.7649616755865158
0,0,0.5831899324694806
0,0,0.256180288586866
0,0,0.4568671692894956
0,0,0.21141469080011843
0,1,0.7271256507088685
0,1,0.7428878904821073
0,0,0.29051544526292306
0,0,0.6203658387558902
0,1,0.9477886485755271
0,0,0.4396070391402979
0,0,0.06269684189841199
0,1,0.6740765090371599
0,1,0.9443284381164301
0,0,0.644991895819653
0,0,0.24567414417258765
0,1,0.7942326386231218
1,1,0.9730156176006828
0,1,0.8578998249948195
0,0,0.29550388223999424
0,1,0.8646514512525455
0,1,0.935522239357379
0,1,0.7956493650779154
0,1,0.9557363545071946
0,1,0.9448842603811851
0,1,0.8354532351724767
0,1,0.8222321759296548
0,1,0.7561781544165616
0,0,0.05892682336465557
0,1,0.9804966190987704
0,0,0.11717880085462999
0,0,0.1682766917457816
0,1,0.9831972773563523
0,1,0.9509439203123249
0,1,0.8715202991874083
0,0,0.46345229697905743
0,0,0.593779898998581
0,0,0.606634293713906
0,1,0.9069323522052174
0,0,0.14742829257198548
0,0,0.41448452358791105
1,0,0.0751579597455739
0,0,0.3839589404314543
0,1,0.9435898458201657
0,0,0.35600385696465403
0,0,0.38394757089396425
0,1,0.9677693053630577
0,1,0.6957615923865486
0,1,0.8812070603572599
0,1,0.7551727183924701
0,0,0.1964362265085392
0,1,0.6601068726417506
0,0,0.6133738305461318
0,0,0.21580768687127594
0,0,0.2304864036991976
0,1,0.959513856725119
0,1,0.7393826162910737
0,0,0.060377752336495914
0,1,0.9535620433053326
0,1,0.9924043477340353
0,0,0.29889738902737295
0,1,0.7239980385141169
0,0,0.5897782685126611
0,0,0.28160092629007216
0,0,0.6484520593346025
0,1,0.9381677913354757
0,0,0.23679146934290787
0,0,0.6433635268395991
0,0,0.47965796547923845
0,1,0.9301383224800138
0,0,0.5254052266726902
0,0,0.4771354175325685
0,1,0.7676344666778586
0,0,0.27345483293144374
0,1,0.7384850552076233
0,1,0.9493476370683792
0,0,0.46656458460320027
0,0,0.40536916454272576
0,1,0.9686194612637742
0,1,0.9887885831848239
0,1,0.9549845558836302
0,1,0.7997776625519128
0,1,0.7506553261790431
0,1,0.935320212442168
0,1,0.6979381283211615
0,0,0.39057978704845203
0,1,0.7459830748625441
0,0,0.6019022263068354
0,1,0.7775643740688911
0,0,0.11835867546828933
0,1,0.7990720403346252
0,1,0.6761010274046902
0,0,0.5572980696392367
0,0,0.5381741311457313
0,0,0.5756438212360134
0,1,0.9940915896608796
0,0,0.597005514193015
0,0,0.24992602977279896
0,1,0.7365116189419346
0,0,0.6335411975250292
0,0,0.28543395057135384
0,1,0.9656746429803268
0,1,0.9729983287030036
0,0,0.018096714506233427
0,0,0.4737324116180356
0,0,0.038258848521257424
0,0,0.5930730890206899
0,1,0.6802513265778407
0,1,0.9956621384257135
0,0,0.04838175520933101
0,0,0.08272297957502316
0,0,0.2327380783601351
0,0,0.15209692389470042
0,0,0.3503765839458645
0,1,0.7086513675213266
0,0,0.6244934737847756
0,0,0.25315124963548985
0,0,0.4322188523388661
0,0,0.029300858830848615
0,0,0.0065156226984413425
0,0,0.286150878172626
0,1,0.7145039817224459
0,1,0.958826593458303
0,1,0.6971634718689192
0,0,0.4697615976167737
0,1,0.959203166230674
0,1,0.8023727537325833
0,1,0.7199980624420387
0,1,0.7395531479819651
0,0,0.3854454134939399
0,1,0.6695845042082489
0,0,0.10515639665947195
0,0,0.39654502222240756
0,0,0.024479357131227373
0,0,0.2666299761880562
0,0,0.2935138857486713
0,1,0.9804057064184983
0,0,0.24101550428271426
0,1,0.6958295297570731
0,1,0.8829898074753545
0,0,0.6415202001612369
0,1,0.6984636734615627
0,0,0.6512710364397044
0,1,0.8280371641292541
0,0,0.19826506152126525
0,0,0.0008172428063293868
0,1,0.920787782801527
0,0,0.19871806548238813
0,1,0.6582776140801441
0,1,0.7245068629523795
0,1,0.9599936755022692
0,0,0.5842719181017162
0,0,0.24080276298196807
0,1,0.962231385160797
0,1,0.7064089845333148
0,1,0.9752611021897194
0,1,0.9647478053518653
0,1,0.7469916279882923
0,1,0.6605592033541913
0,1,0.795179296481692
0,0,0.09778879283121403
0,0,0.27928194377295823
0,0,0.2512372081105525
0,0,0.3577947233146121
0,1,0.9132059563110944
0,1,0.6671105743751953
0,0,0.2691282707758066
0,0,0.62983239725445
1,0,0.1467208015666147
0,0,0.6469563798616019
0,1,0.8962051496617057
0,0,0.18650853197358788
0,0,0.28674647705270867
0,0,0.6305773496862618
0,0,0.6399488702427397
0,0,0.03823285063555594
0,0,0.6225855717030885
0,1,0.9537750383321643
0,1,0.9678272674030659
0,0,0.2400919672566178
0,0,0.3460792036316837
0,0,0.2669879044414305
0,1,0.8445894024867777
0,0,0.5761431041006435
0,0,0.502734499967481
0,0,0.382542577466124
0,1,0.7572260240836225
0,1,0.9460157598261779
0,0,0.3976523288535353
0,0,0.23146915905721144
1,0,0.13712854451963238
0,0,0.34365565837360024
1,0,0.5875224685771135
0,1,0.966680550727289
0,0,0.14724293775165292
1,0,0.2028882304814149
0,1,0.8540275226521431
0,0,0.1880102152631347
0,1,0.8626851270999568
0,1,0.8166983838493198
0,1,0.727771263738502
0,1,0.9410815410358155
1,1,0.675839648315701
0,1,0.9622768169902923
0,1,0.9950570704144368
0,0,0.3846907004196828
0,0,0.5955990071663029
0,0,0.30644145807349493
0,1,0.940174892053579
0,0,0.24624650512732416
0,0,0.25436546824738054
0,0,0.5502554487325183
0,0,0.014390001540970117
1,0,0.22429440858709263
0,0,0.3081033892297289
0,0,0.22283935284585035
0,1,0.9481694027379061
0,1,0.8267274509518074
0,0,0.2996449673204012
0,0,0.04863542452002946
0,0,0.46444871746273575
0,1,0.9529529922122157
0,1,0.7513768417940478
0,0,0.38778443268371643
0,1,0.9509177558841218
0,0,0.2733353271884697
0,0,0.04069509633482694
0,0,0.6369718761085776
0,1,0.9496124063334245
0,1,0.9101063971302091
0,1,0.8845891215566357
0,1,0.7349592601875106
0,0,0.6432975889572584
0,1,0.958347574250812
0,0,0.27292600602189093
0,0,0.5487924427984788
0,0,0.3116401441637389
0,0,0.6390642794218167
0,0,0.038650572860164836
0,0,0.1314835346682696
0,0,0.21308544695518777
0,1,0.9278264666291691
0,1,0.9224604726504573
0,1,0.8266735768489419
0,0,0.45747854384645453
0,1,0.9661068381573844
0,0,0.033148031140195724
0,0,0.08266642192652021
0,0,0.49102542227410073
0,1,0.9610324283729653
0,1,0.8358705533250629
0,0,0.5872215443682988
0,0,0.2837324016514813
0,1,0.9601783085981938
0,1,0.7241842237657069
0,1,0.7394174515601825
0,0,0.0513686733406719
0,0,0.630807244255593
0,1,0.7602722430104036
0,0,0.43686741470824814
0,0,0.20862479047938642
0,1,0.6955317287827152
0,1,0.9697747251595746
0,1,0.7026670752286106
0,0,0.6054576458807022
0,0,0.008977149005328101
0,1,0.8928658568882413
0,1,0.9625920977106032
0,1,0.9615786379355905
0,1,0.7537637574980673
0,1,0.7044528779507699
0,1,0.8994426252676082
0,1,0.8807942879565237
0,1,0.9485400708467285
0,1,0.9792137715047986
0,0,0.6178812766562694
0,1,0.9942475962274994
0,0,0.31827734315460965
0,0,0.24272690389078244
0,0,0.13709747622495497
0,0,0.10018879102941561
0,0,0.6300387698560671
0,0,0.2625799756351549
0,1,0.9308937849646639
0,0,0.6321261634266748
0,1,0.6598546442704842
0,0,0.6185277289359385
0,1,0.6610710277503907
0,0,0.23679295422909574
0,0,0.2625837790107416
0,0,0.3663281092919439
0,0,0.23363006928352353
0,1,0.7338206696531898
0,0,0.34856797905187203
0,0,0.18153785251382132
0,1,0.9349453713215048
0,0,0.6096433795628592
0,1,0.8314191355409608
0,1,0.6922745484829341
0,0,0.15188325338973582
0,0,0.14528517905109004
0,1,0.9255107136019517
0,1,0.9603775261486908
0,0,0.47361538471774295
0,1,0.6674101088526995
0,0,0.05796423810449353
0,1,0.941839389614993
0,0,0.6314126918902514
0,0,0.0878186804851489
0,0,0.4312070186284287
0,0,0.22934382699084618
0,1,0.9448810080784396
0,1,0.8783931120294859
1,0,0.3339477386481205
0,0,0.30091013397624844
0,1,0.6780444760593018
0,0,0.6322773853471177
0,1,0.8230429158632264
0,1,0.7934783170267236
0,0,0.15283005700761204
0,1,0.9450247323790171
0,1,0.7905215224171892
0,1,0.9629024876144547
0,0,0.4672990264268361
0,1,0.7853459037037723
0,0,0.52943324917353
0,1,0.848953277849276
0,1,0.6668666240042722
0,1,0.8459507190170732
0,1,0.9959695531480958
0,0,0.06450758082560326
0,1,0.6827784369619446
0,1,0.7395061106803182
1,1,0.7229617031318498
0,1,0.6604555163375794
0,0,0.5828386196986938
0,0,0.14152366858856863
0,0,0.27543499425512147
0,0,0.5752660105822814
0,1,0.9569550321739929
0,1,0.8170319865699899
0,1,0.9589018326543051
0,0,0.645532928457778
0,0,0.5063414554260411
0,0,0.2948794503428817
0,0,0.3135849420031795
0,0,0.3109368586510672
0,1,0.8218266351264681
0,1,0.94906959771829
0,1,0.9603424543279658
0,1,0.8550031732060994
0,0,0.23635906802420592
0,1,0.8107637326914501
0,0,0.2503387759360356
0,1,0.9448370911508996
1,1,0.9295846939913655
0,0,0.23498544543865854
0,0,0.2625239091453499
0,0,0.6407565850663105
1,0,0.19911496866693396
0,1,0.9024507370363309
0,0,0.004684291863537246
0,0,0.6557743172011639
0,0,0.0765790726038044
0,0,0.363243597451822
0,1,0.9219034840765742
0,0,0.18845181939244243
0,1,0.6907798892792135
1,1,0.958094393870169
0,1,0.7254770060664112
0,1,0.7769107068936126
0,1,0.7086613184039934
0,0,0.616392864364575
0,1,0.7565900600609556
0,0,0.31326294059726534
0,0,0.5580369079450942
0,1,0.9554285324948937
0,0,0.08881584014077154
0,0,0.10004886740635124
0,1,0.8559037592169129
0,0,0.3450025257513099
0,0,0.061323925864517306
0,0,0.6160378859820265
0,1,0.9650719161451355
0,1,0.7344522793819825
0,1,0.9020680913363371
0,1,0.7649937946382086
0,0,0.5798511702901731
0,1,0.9172734733149295
0,0,0.10187419675014371
0,1,0.9505102170349328
0,0,0.5834684119145147
0,0,0.008070735469084694
0,0,0.5521098264235205
0,0,0.00404918663597237
0,1,0.9484256567066836
0,1,0.6922652911393461
0,1,0.9093395453802459
0,0,0.05286349416137242
0,0,0.001131253007626341
0,1,0.9558679833229909
0,1,0.761062714009899
0,1,0.6919130246946429
0,1,0.7776302192001718
0,0,0.2983766014579214
0,1,0.9665926205943396
0,1,0.9523539417176483
0,1,0.9261574876034322
0,0,0.5267551090986046
0,0,0.12846725689416216
0,1,0.961229212200236
0,1,0.8912225313339034
0,0,0.36988075181172464
0,0,0.48638727444548596
0,1,0.8631005485725671
0,1,0.9629686175017309
0,0,0.578647301005746
0,0,0.340269136880053
0,0,0.640915132793967
0,0,0.6476934045393304
0,0,0.1693483856909017
0,0,0.08336427341029935
0,1,0.725624052911361
0,1,0.8149883143198379
0,1,0.7343759760801092
0,0,0.4818679687717025
0,1,0.9567214994420701
0,1,0.7926211758864165
0,0,0.23974538062694395
0,0,0.37588959635004565
0,0,0.47604312572953705
0,1,0.6780363229375935
0,1,0.9551536548882943
0,0,0.6294036366190084
0,0,0.09892311253189706
0,0,0.030063457835291643
1,1,0.6618436338143796
0,1,0.8319635276129806
0,0,0.5866139869405086
0,1,0.9621224930800312
0,1,0.6749532521046112
0,0,0.5239325655164567
0,1,0.7148271634910109
0,0,0.6028574424645854
0,0,0.2541985923510002
0,0,0.3191409392408834
0,0,0.6362489273092637
0,1,0.6903465420054395
0,0,0.1654106286295474
0,0,0.5759879664754816
0,1,0.9689716297333317
0,0,0.2977974456179848
0,1,0.9766458718636949
0,1,0.9626132492928697
0,0,0.11779971574832182
0,0,0.3062636196947784
0,0,0.6175920155505739
0,0,0.33174449618180196
0,0,0.28466212142078356
0,0,0.6025624154647087
0,0,0.30023508733604964
0,1,0.8526436710015741
0,0,0.16114912274153542
0,1,0.8741941580903374
0,1,0.6577256944806532
0,0,0.6544589479744689
0,1,0.7647955295060037
0,0,0.5875526745571923
0,1,0.7839192515403627
0,1,0.9692176905880963
0,0,0.08433111548912332
0,0,0.30567529833864154
0,1,0.953388011093652
0,1,0.8847293898539721
0,0,0.32889055737000944
1,1,0.6691976201518128
0,0,0.15654237793660244
0,1,0.6880306721486315
0,1,0.9499681779351092
0,0,0.5522665621199974
0,1,0.9355623069006314
0,1,0.8915721528659493
0,0,0.5617112452593519
0,0,0.3009156199570865
0,1,0.8262425433917031
0,1,0.7808835380705366
0,0,0.11302803020527824
0,1,0.9955727726513628
0,0,0.44517070376836887
0,0,0.02237296910297867
0,0,0.2926046686704356
0,1,0.720311213020011
0,1,0.7477843947747885
0,1,0.9599378387536683
0,1,0.9629828055484739
0,1,0.9677482882527105
0,0,0.44923689117949867
0,1,0.9356121723232836
0,0,0.1599258740806831
0,1,0.8117936783809339
0,0,0.28865755239867547
0,1,0.7747443787214107
0,1,0.9887397891683518
0,1,0.7045742444744869
0,0,0.4106437555972337
0,1,0.9250662670470298
0,0,0.5555887920195486
0,1,0.8873400278016244
0,0,0.6453574555554057
0,0,0.10003029334105348
0,0,0.005139113811298887
0,0,0.12369160538586758
0,0,0.09677884767067728
0,0,0.19093313678599252
0,1,0.9931859238433203
0,1,0.9519935967553613
0,1,0.8481566171492445
0,1,0.7248243588692213
0,1,0.6797219610185871
0,1,0.7994676268625026
0,0,0.5694352715909659
0,1,0.806974532157531
0,1,0.7036182833211172
0,1,0.6832442709089666
0,1,0.818268174697772
0,1,0.9451572236785445
0,1,0.7680399545370163
0,0,0.2209817465406616
0,1,0.9720029969435504
0,0,0.20655129665861582
0,1,0.9708504792078898
0,1,0.9959075277604347
0,0,0.4358049668091621
0,0,0.2439886656363177
0,0,0.619931271610002
0,0,0.1394194661262208
0,0,0.20046783961699635
0,0,0.12605968569502068
0,0,0.5904173589804259
0,1,0.9466372478081768
0,1,0.7038975697302292
0,1,0.995107949158886
0,1,0.9627414698033819
0,1,0.9443059374345399
0,0,0.5133791444842036
0,0,0.2753584714344815
0,0,0.3540334858055729
0,1,0.6882523121185986
0,0,0.05876732136162637
0,0,0.1539691192321666
0,1,0.6927226896196409
0,1,0.9262659755834824
0,0,0.6090309140483724
0,1,0.8097596441727996
0,1,0.9557434976150315
0,1,0.8101093723108828
0,1,0.8907995111336021
0,1,0.6691761286171216
0,1,0.9426504709505801
0,0,0.2641029138351981
0,1,0.7540499031490098
0,0,0.15840965462635295
0,0,0.1392487517936012
0,0,0.28659058701138634
0,0,0.5850091798779438
0,0,0.17389373658872112
0,1,0.7400445166929654
0,0,0.5839578070982859
0,0,0.11426026733324114
0,0,0.651265345967328
0,1,0.7538071832672087
0,0,0.020672038498972416
0,1,0.9466952893294212
0,1,0.9945761734988057
0,0,0.6545716014613508
0,0,0.5956558947862196
0,1,0.9444425071998716
0,1,0.7731975716950842
0,0,0.44985562226826564
0,0,0.49570991950737914
0,1,0.7457466257669482
0,0,0.5533617551363487
0,0,0.6131663818503854
0,1,0.9569933051815624
0,1,0.7164328569718994
0,1,0.6996321872024137
0,1,0.6776547434269578
0,0,0.548619420210224
0,1,0.9655367842922947
0,0,0.22619411944736934
0,0,0.2380549042522209
0,0,0.5696601991157674
0,1,0.962994520935691
0,0,0.07023370891754747
0,1,0.9637985489085795
0,1,0.7725934332332952
0,0,0.1950801081602823
0,0,0.6494271318900313
0,0,0.584287804299225
0,0,0.396994566975517
0,0,0.5503422139513913
0,1,0.958870124510006
0,0,0.42796109455412007
0,0,0.3224525716696795
0,1,0.9654717175094906
0,1,0.9464376496249488
0,1,0.8285880825955725
0,1,0.9485677827920537
0,1,0.9559062039110097
0,0,0.29367804426870286
0,1,0.9603122779708613
0,0,0.1944661239862619
0,1,0.9697556454099193
0,1,0.7410958954021074
0,0,0.5957516236544111
0,0,0.5376920823874681
0,1,0.951085281680531
0,1,0.8078259116029121
0,0,0.32179907697314597
0,1,0.6955678240025553
0,1,0.9773110985431831
0,1,0.7233338922139799
0,0,0.2132393841330071
0,1,0.7114133374585319
0,1,0.9284362081832195
0,1,0.9371748434277027
0,1,0.9385783928892414
0,1,0.7437262782546911
0,1,0.9455105144534616
0,1,0.7079364692466853
0,1,0.9491909574688521
0,0,0.6464996945103104
0,1,0.7548026325191067
0,1,0.6883782771823416
0,1,0.8278141691032165
0,1,0.9225788816847976
0,0,0.27597555687109987
0,0,0.21463279678077618
0,1,0.9859714932835643
0,1,0.7655817598525032
0,1,0.9527367279513959
0,1,0.9871339304071486
0,0,0.5914740060675613
0,1,0.708102438694103
0,0,0.2522126176808585
0,0,0.37101772118312254
0,1,0.6864041230320014
0,1,0.7272650870342726
0,1,0.9926682875770769
0,1,0.9264347015616871
0,0,0.5674810589308165
1,0,0.571757677132738
0,0,0.167269392809153
0,0,0.08627703186437079
0,1,0.7253150281296576
0,1,0.725488735959623
0,1,0.9739628317378394
0,0,0.17582151926356798
0,1,0.6628073391249922
0,1,0.7300614548662174
0,0,0.5200806724140724
0,1,0.8102359929585203
0,1,0.7144481649696249
0,0,0.0846603940969761
0,1,0.9182522173888094
0,0,0.10470014639689458
0,0,0.45894175537643517
0,0,0.19604603763523346
0,1,0.9200131370718793
0,0,0.16868694894194608
0,0,0.4180426073955356
0,1,0.9244086381098552
0,0,0.6063296511888342
0,0,0.343718318293916
0,0,0.30961092526394796
0,1,0.7404994863483436
0,0,0.06945102677047464
0,1,0.7649923781614568
0,1,0.7180877055103673
0,1,0.6955393294596818
1,1,0.9644031798015211
0,1,0.9569671023561829
0,0,0.3549563895655105
0,0,0.20061072103411406
1,1,0.944802964532728
0,1,0.9330471047549617
0,1,0.7594463698943918
0,0,0.30442757591569414
0,1,0.9564259505090437
0,0,0.3362999079979168
0,0,0.6334435203076698
0,0,0.4165848225498044
0,1,0.7328866784224146
0,0,0.6409170053617644
0,1,0.9716802951734186
0,0,0.05063416745110601
0,1,0.9367589588315722
1,1,0.9544376386192243
0,1,0.9575299156543537
0,0,0.06899123596446616
0,1,0.9391153142839391
0,1,0.787125715952472
0,1,0.8454705049328027
0,1,0.9110709976458058
0,1,0.6851965928792028
0,0,0.1449305679572339
0,0,0.1627695516370352
0,1,0.7928896319981599
0,1,0.7645419662957595
0,0,0.4438125584989499
0,0,0.21055642676552
0,0,0.43668285045383964
0,0,0.21257921682690772
0,1,0.6607522076660935
0,1,0.946198925935215
0,0,0.3157534043809831
0,1,0.9350152242019127
0,1,0.7300840703674593
0,0,0.2708296417374181
0,1,0.9424786833353306
0,1,0.9452319536126905
0,0,0.427026310744443
0,1,0.7508826102116523
0,1,0.9951059980123922
0,0,0.5896655282824997
0,0,0.27179979273000776
0,0,0.5970289579735403
1,0,0.055087305479580455
0,0,0.1955710684414419
0,0,0.04391932240430938
0,1,0.6755731357985932
0,0,0.2909806982643733
0,1,0.6979047463956721
0,1,0.9683461858279423
0,0,0.20870854443960477
0,0,0.1482539591314475
0,0,0.6059492504284455
0,1,0.997805337261677
0,1,0.7652792824254817
0,1,0.7251764178983985
0,1,0.7102751298090371
0,0,0.41721558611470316
0,1,0.6780963781172563
0,1,0.9525331669449455
0,0,0.6295280890472866
0,0,0.05542936878341856
0,0,0.2932731058917673
0,0,0.1878833510912162
0,1,0.6679618544471575
0,1,0.7382969110051677
0,0,0.3981632976828466
0,0,0.32693757137370233
0,0,0.21956184741821996
0,0,0.27293888237053826
0,0,0.007170943697658266
0,1,0.7562327906784744
0,0,0.18289932302175327
0,0,0.1625548932575305
0,1,0.7063156198619479
0,0,0.05546936335945105
0,1,0.9118045529385334
0,0,0.2586275294091619
0,0,0.09301432555954883
0,1,0.9355759704781028
0,1,0.7759971299168797
0,0,0.6436604323076957
1,1,0.9217742095598209
0,1,0.9954268501668465
0,1,0.6998200009047202
0,1,0.99262629544369
0,1,0.6686559987865319
0,1,0.798925373219835
0,0,0.2104821075308791
0,1,0.9527183213103764
0,0,0.00442107707555355
0,1,0.7257563512750036
0,0,0.30767407959866394
0,1,0.9741905515810867
0,1,0.7269419594255152
0,0,0.3116040636955663
0,0,0.5536271973088074
0,0,0.43375626752314833
0,1,0.9556225817393686
0,0,0.46227516257086926
0,0,0.6380503380333808
0,0,0.5507349233632504
0,0,0.5390408321565417
0,1,0.947689140926854
0,0,0.34308931245705343
1,1,0.7966824417107727
0,1,0.9505985777830986
0,0,0.15874713370567434
0,0,0.5860727449502294
0,0,0.31711433665244126
0,1,0.9929068927234393
0,0,0.6137316741599418
0,0,0.40683525380961966
0,0,0.29868302139168845
0,1,0.9912753935611534
0,0,0.32089512883802246
0,0,0.6073761382716424
0,1,0.6982833649284382
0,0,0.06595192042559327
0,1,0.9651217865388336
0,0,0.1381858940332065
0,1,0.9345958804203246
0,0,0.30958808138856786
0,0,0.5349415888057104
0,0,0.3310582679065903
0,0,0.24745849517980018
0,1,0.663954629784741
0,0,0.10535268311031679
0,0,0.6252433096905168
0,1,0.9295572998740251
0,0,0.1538138841870543
0,1,0.696457425019074
0,0,0.2587216757902267
1,0,0.2742905725254582
0,1,0.9909916591437121
0,0,0.35609696018722614
0,1,0.9580368849674937
0,1,0.7183637819292885
0,0,0.33276122212398224
0,0,0.6263162726661536
0,1,0.6786538478091934
0,0,0.5012028254628104
0,1,0.738610117889794
0,1,0.9552010610264777
0,0,0.00460893690059407
0,1,0.9049492555647984
0,0,0.08488251160534188
0,1,0.9606632445488352
0,1,0.7404549288695221
0,1,0.9479362663562914
0,1,0.7260897558452836
0,0,0.16978079343139538
0,1,0.7903377824725
0,0,0.6073489704192834
0,0,0.36003265549632724
0,1,0.7222373597363502
0,1,0.9557373342483809
0,0,0.5134436626336613
0,0,0.12404751732913924
0,0,0.3225766765732276
0,1,0.9654698695455491
0,0,0.3020367368179998
0,1,0.7114852134950005
0,1,0.6847209134204563
0,0,0.5836047338079252
0,0,0.28775154839870537
0,1,0.7911851803266531
0,1,0.9315394852231521
0,1,0.9951893018009514
0,1,0.6671135483671685
0,0,0.6553420252039814
1,1,0.9402749076354515
0,0,0.6309065211112583
0,1,0.9568344535539647
0,0,0.13633519968897082
0,0,0.6338887618331912
0,0,0.6444730552390522
0,0,0.4601020441812987
0,1,0.6862764291490578
0,0,0.42053620160438904
0,1,0.9700547941757052
0,0,0.628768721400955
0,1,0.8486451868014326
0,1,0.7016942900586188
0,0,0.07915459738645728
0,0,0.613194711464355
0,0,0.3429413115700699
0,1,0.7482755380972966
0,1,0.9147509719993797
0,0,0.2930962391790259
0,1,0.7283666463481202
0,1,0.69085781657499
0,1,0.9935831291934838
0,1,0.9259571921641697
0,0,0.17180179270061302
0,0,0.5614424558227522
0,0,0.03014900810441276
0,1,0.9709874830312553
0,1,0.7259339611571655
0,1,0.6763776308900283
1,1,0.9708233405685441
0,1,0.6586294873156232
1,0,0.5283357020906005
0,1,0.8512737147879496
0,0,0.6432215999792761
0,0,0.5549424180505826
0,1,0.9190050137876579
0,0,0.035631981156353215
0,0,0.17581753775176234
0,0,0.636585900962144
0,0,0.20620811352384535
0,1,0.9808689343284177
0,0,0.4909515874908622
1,0,0.49139473167697806
0,0,0.0936513961772917
0,0,0.49459763557511804
0,1,0.9583755899652513
0,1,0.9923465123210032
0,1,0.9918470148830346
0,0,0.22620696838066076
0,0,0.39590229229700896
0,0,0.3241909581951703
0,0,0.12784569101918677
0,0,0.3883160102143507
0,1,0.6919526100235691
0,0,0.2901332301147408
0,1,0.9938479472959576
0,1,0.9001656698625236
0,1,0.9964665918987526
0,0,0.5434883934671029
0,0,0.3137175807879684
0,1,0.6754695131684038
0,1,0.7264453505676455
0,0,0.20496574917636642
0,1,0.9956293076037036
0,1,0.9963651905664604
0,0,0.45225905755107837
0,0,0.19062764723621697
0,0,0.6389285237211006
0,0,0.650176941152984
0,1,0.7907272597769529
0,1,0.7943907179065103
0,1,0.7609182074179409
0,1,0.9829140825758594
0,1,0.9516164716070995
0,1,0.9780248428621303
0,0,0.598092841517999
0,1,0.7846949418157804
0,0,0.27528968182223207
0,0,0.628227131074318
0,1,0.931227269772793
1,1,0.6923102210345433
0,1,0.8497647174891054
0,0,0.39227537348519725
0,1,0.9713084793647981
0,0,0.4639873108461842
0,0,0.6090102580296459
0,1,0.8158521242189462
0,0,0.08424259643782347
0,1,0.9293210754950503
0,1,0.6912377870642019
0,0,0.5648245236603588
0,0,0.3334115827224007
0,0,0.6025980367603664
1,1,0.6640056209285251
0,0,0.007334938936142488
0,1,0.8715872618622259
0,0,0.4530847076516954
0,1,0.9209214413204571
0,0,0.08749924692216655
0,0,0.026358266687145814
0,1,0.7268226762479165
0,1,0.9111222830643517
0,0,0.09005078167497385
0,1,0.8022177998157081
0,1,0.707831413545827
0,1,0.9472752800462133
0,0,0.10670085475485952
0,1,0.9013837558306003
0,0,0.24352028474837897
0,1,0.6911186429398812
0,0,0.25143611303718816
0,0,0.07211243309575778
0,0,0.284537325301145
0,1,0.6901286293244246
0,1,0.6676608211390318
0,0,0.5903427618036446
0,1,0.7632097503823615
0,1,0.7589254188702771
0,0,0.03088565976305438
0,0,0.5649938564483739
0,0,0.11773450415113032
0,0,0.5281499301695366
0,0,0.03382397501280617
0,1,0.7047773259440971
0,0,0.4667201388863258
0,0,0.08871341671946774
0,0,0.06832689286146898
0,1,0.8098876254305979
0,1,0.9945901950292657
0,1,0.7560976999769173
0,0,0.32393768514607507
0,1,0.9734283621643229
0,1,0.7589333358407866
0,1,0.7927328980182775
0,0,0.6070941119729063
0,0,0.4897327652021351
0,1,0.784909232140034
0,1,0.812002639704898
0,1,0.7569353319408066
0,1,0.8108922580973655
0,0,0.3747594340298013
0,0,0.13484001281203442
0,1,0.6577400997227265
0,0,0.5388490817256318
0,0,0.5763311209756496
0,0,0.23217735718549998
0,1,0.9439476454647492
0,1,0.7709532370816333
0,0,0.21748286943512818
0,0,0.3408402649306553
0,1,0.9970572948788567
0,0,0.43744007539662416
0,1,0.8406919388674994
0,1,0.9379753165352257
0,0,0.5004092559856188
0,0,0.5423688540429449
0,0,0.44267936298593014
0,1,0.9502447328698717
1,1,0.7553653644765971
1,1,0.6696026983586201
0,0,0.6272840862258642
0,1,0.9955360397301501
0,0,0.25659979823760243
0,1,0.9443872113775125
0,1,0.9780115436560134
0,0,0.6535505555788426
0,1,0.7134445217401948
0,0,0.06635244164868646
0,1,0.698839392757822
0,0,0.6242670493193512
0,1,0.7518158086331458
0,1,0.7521949649813027
0,0,0.31768211383679035
0,1,0.7172178359891525
0,1,0.996403978697083
0,1,0.9708036849240923
0,0,0.23018585769728844
0,0,0.04507252594170322
0,1,0.680762805055508
0,1,0.6582137961808234
0,1,0.947082666434841
0,0,0.3865593554414689
0,1,0.9257232033971232
0,0,0.03073623362218184
0,1,0.9674317015211057
0,0,0.45816051611973935
0,0,0.650164337021481
0,1,0.7106776599569368
0,0,0.19765454269688745
0,0,0.004716176224238137
1,1,0.9639398679795884
0,1,0.9413928849538048
0,0,0.15970456731607963
0,0,0.2806259580789515
0,1,0.7717397434072477
0,0,0.5936115901651277
0,0,0.5983357416646757
0,0,0.5812097244390203
0,0,0.460521203809124
0,1,0.8696293596035221
0,0,0.5517935299717549
0,1,0.8202743611157962
0,1,0.904244067965671
0,0,0.2711216972842515
0,0,0.45474984887326025
0,0,0.5980163161980652
0,0,0.6431207780765834
0,0,0.06274834798636304
0,0,0.41211180990304885
0,0,0.388765795678766
0,0,0.36449421382584163
0,0,0.006447049003976666
0,1,0.6753681111733264
0,1,0.6782301698516464
0,1,0.6736826154173946
0,0,0.2542117201995079
0,0,0.2926230879944537
0,1,0.7445173229998904
0,1,0.9515402025069656
0,0,0.5793990994030862
0,0,0.6092486926922432
0,1,0.7165403745265806
0,1,0.7300646103407805
0,0,0.3060365126904184
0,1,0.9954320111771284
0,1,0.995707841303239
0,1,0.98001805603909
0,1,0.6849822669887308
0,0,0.2020261510419233
0,0,0.039538980561759605
0,1,0.9603883250099792
0,0,0.0923280943855951
0,0,0.41917585959794723
0,1,0.956989642638067
0,1,0.949943447390857
0,1,0.9028803178221159
0,1,0.7260005434122887
0,0,0.5995802786695178
0,1,0.7177033830819175
0,1,0.7929585745651989
0,1,0.6999557555291597
0,1,0.9623729240360266
0,0,0.3889160449730531
0,1,0.9444035265941393
0,0,0.4671794743298188
0,1,0.8164837127109396
0,0,0.07833471823540941
0,0,0.5621844523401207
0,1,0.7744675865467261
0,1,0.9948598331704427
0,0,0.5599608645086815
0,1,0.7709240838471088
0,0,0.6558296895352521
0,0,0.3668108942622106
0,0,0.3406405000808396
0,1,0.837164862414486
0,1,0.9521793761459104
0,1,0.6931665951169765
0,1,0.7624476517245244
0,1,0.9369594630169287
0,1,0.9899431297276101
0,0,0.6555396227991446
0,1,0.9381057058995751
0,0,0.5511450246704526
0,1,0.6939941685912064
0,1,0.7009018011052475
0,1,0.7211738107032898
0,1,0.9805984701482445
0,1,0.9581182503929547
0,1,0.9385277640816854
0,1,0.9760519076605234
1,0,0.22308560169380665
0,1,0.682630510934266
0,1,0.6956349129391359
0,1,0.9571352099062604
0,0,0.1679982442578602
0,1,0.6963273022189355
0,0,0.6472245935752862
0,1,0.9643032982276556
0,0,0.1434363431901594
0,1,0.8963555068571015
1,0,0.3998260902873503
0,1,0.7433320543748753
0,1,0.9529654669021246
0,0,0.6402186535324718
0,1,0.9221606656060557
0,1,0.9396105023352213
0,1,0.9361232433066131
0,1,0.816503877857376
0,0,0.35377755960666185
0,1,0.9659528731563514
0,1,0.850320138422382
0,1,0.662846565091527
0,0,0.6141062776308893
0,0,0.3460286648971035
0,1,0.9729819142863384
0,0,0.38668151242093485
0,1,0.6721132733345169
0,1,0.9400106962553669
0,0,0.18218806520939956
0,1,0.9607645446517751
0,0,0.44460188994170163
0,0,0.642528295214049
0,1,0.9663865752537188
0,0,0.12016676160111284
0,0,0.6352821265396968
0,1,0.9601243539175931
0,1,0.9208867761305977
0,0,0.2689289075046391
0,1,0.9773258342573233
0,0,0.6271138774941779
0,0,0.26157106646032646
0,1,0.9491900612943432
0,1,0.9729462024708461
0,0,0.19304479392882243
0,0,0.43074132540995796
0,1,0.741405415766221
0,0,0.24878937261471065
0,1,0.7136369299209683
0,1,0.7440485140007456
0,0,0.17800539313134991
0,0,0.02208286832741952
0,0,0.5289781346193662
0,0,0.23208321675861696
0,0,0.142277207999159
0,0,0.38677807629389704
0,0,0.2953860782997432
0,1,0.9150002242329301
0,1,0.9528956399177192
0,0,0.27108592370254503
0,1,0.9777022396926879
0,1,0.7623776929453995
0,0,0.5487811259217886
0,1,0.7479547676832845
0,1,0.9691132855044032
0,0,0.19988164459108032
0,0,0.2984557355285141
0,0,0.20368520101117565
0,0,0.6114444541862534
0,1,0.9466668026090896
0,0,0.160732465308712
1,0,0.5422766489375439
0,1,0.6946078109918152
0,0,0.40740045984784373
0,1,0.7952895188257312
0,0,0.6072974521867186
1,0,0.16560363419837998
0,1,0.993018130154245
0,0,0.06884442719202007
0,0,0.14670982510962155
0,1,0.9636438567271597
0,0,0.3087433457434673
0,0,0.6134637605076607
0,0,0.20353223921479036
0,0,0.33523708018755094
0,1,0.7256824405093951
0,1,0.8535057948925391
0,1,0.6755468652768232
0,1,0.684314382250699
0,1,0.829103081825049
0,0,0.27413892938625545
0,0,0.6426193824664141
0,1,0.9397569006707021
0,1,0.6692341358155263
0,0,0.35458873196827295
0,1,0.6874860059844168
0,1,0.75430292539784
0,0,0.44052280952842315
0,1,0.9960188246338949
0,1,0.9766415433377972
0,0,0.14778789930801808
0,0,0.6510487481611755
0,0,0.3299032804008068
0,0,0.14721586616333066
0,0,0.6458408976808075
0,1,0.7626743456760792
0,0,0.5016746787128393
0,0,0.15757599459744823
0,0,0.10909443015473672
0,0,0.2536787476606132
0,0,0.5501960690455915
0,1,0.9437000880365314
0,1,0.9642668243059421
0,0,0.3398012832146682
0,0,0.25024114133942343
0,0,0.5738252323441818
0,0,0.6157821205917404
0,1,0.7261913653903941
0,1,0.9940247548009687
0,1,0.7217975213798817
0,0,0.196297770472968
0,0,0.13197285135808554
0,1,0.8999520673910427
0,0,0.2195055085126188
0,0,0.5885938296994595
0,1,0.7984702698173824
0,0,0.43672203618638333
0,1,0.9670644837224399
0,0,0.1990167776339937
0,0,0.29526729319079875
0,1,0.9658539790466032
0,1,0.7918629328038755
0,1,0.9480582217525666
0,0,0.5610033121587329
0,0,0.1398647047738036
0,1,0.8034172049039057
0,1,0.7056432530266199
0,0,0.35784847511932294
0,1,0.8034346167861058
0,1,0.9358736269776835
0,1,0.8917436843274297
0,1,0.867902144577882
0,0,0.3558446808268703
0,1,0.9564627963899158
0,0,0.07695815100765205
0,1,0.6618201892037929
0,0,0.5678193585080251
0,1,0.9556188780989829
0,1,0.9640932461070544
0,1,0.9069761577789702
0,0,0.2766601638175834
0,1,0.7574120136600508
0,0,0.6567676441550124
0,0,0.08531674067909988
0,1,0.953688849373423
0,1,0.9008815858728227
0,0,0.2309233960668212
0,0,0.10039157157525311
0,1,0.7007839997458737
0,1,0.8150854806882352
0,0,0.052304277814678814
0,0,0.10707505163256659
0,1,0.7003154008662157
0,0,0.4924651273122387
0,1,0.9530085739601597
0,0,0.3738365306259221
0,1,0.8730436372650457
0,1,0.96404432968606
0,1,0.9169942190817849
1,0,0.2453738047495431
0,1,0.7430593013649949
0,1,0.9445107917930117
0,1,0.6928237838543467
0,1,0.7620630091661375
0,0,0.6346002638972162
0,0,0.5866140445181651
0,0,0.3307581807606214
0,0,0.6531736632624485
0,0,0.16541277934362722
0,0,0.2690150190759234
0,0,0.62782631381199
0,1,0.7138742195750597
0,1,0.7874873457918059
0,0,0.6406708711046333
0,0,0.4160433823243395
0,0,0.6149232548997108
0,0,0.2536245171378215
0,1,0.8632990128117168
0,0,0.3504852631739895
0,1,0.7032910302699208
0,1,0.9564762574974588
0,1,0.6995342633225515
0,0,0.46107935097684716
0,0,0.47512416392572715
0,1,0.8422850998947562
0,1,0.8904167124641621
0,1,0.6964523801948289
0,1,0.9583923482359553
0,0,0.4209585431651811
1,1,0.9641456646877473
0,1,0.9560149434549707
0,0,0.6518641507100458
0,0,0.43224314260695107
0,0,0.4671613795715826
0,1,0.9767977492011509
0,1,0.9555092936929163
0,1,0.89150651757787
0,0,0.23202575013481347
0,1,0.6784563387434586
0,1,0.65879254118766
0,0,0.32854640519587625
0,0,0.015571734448933415
0,0,0.1062261151417184
0,0,0.6360307865669147
0,0,0.5171112837570442
0,0,0.32530874901431767
0,1,0.7907225722144167
0,1,0.8732927063005109
0,1,0.79141848788783
0,1,0.9233941681624716
0,0,0.5481259391718355
0,0,0.16560593183622807
0,1,0.9610001471437306
0,0,0.22653300455253478
0,0,0.6417424883576724
0,1,0.8068301232829829
0,0,0.5828048161156933
0,0,0.26835373670079005
0,0,0.4967599379607831
0,1,0.9476450882210646
0,1,0.9765047458670862
0,0,0.6118843516786606
0,0,0.6410380726207383
0,0,0.3724868067656172
0,1,0.9359269143644419
0,1,0.6584237526829261
0,0,0.19911654796489164
0,1,0.9424633978185877
0,0,0.21097638294468993
0,1,0.6972366374407748
0,0,0.2637654758967588
0,0,0.6489746465886096
0,1,0.9510339795766092
0,0,0.4706445048888809
0,1,0.9639558089367606
0,1,0.7838455594326134
0,1,0.669723541686476
0,1,0.9589632688853392
0,0,0.4702482115306794
0,1,0.9956141040910572
0,0,0.1666989983227834
0,1,0.9588763035327281
0,1,0.9632743729157216
0,0,0.3023128583837962
0,0,0.2851668985328949
0,0,0.2768360642701511
0,1,0.7222333462165077
0,0,0.6492512535895268
0,1,0.9383485918048512
0,0,0.591481751823527
0,0,0.5663517009936364
0,1,0.9555183634695231
0,1,0.9704944731381682
0,0,0.6202071312551418
0,0,0.21766305979428435
0,1,0.9931675722601341
0,0,0.4009506090130658
0,0,0.09556833663932059
0,1,0.9568832350285238
0,0,0.3626379438339101
0,1,0.9953357793748765
0,0,0.05433683996774319
0,0,0.47509499419868784
0,1,0.6830817480879245
0,1,0.9546348145694051
0,1,0.7632331361918133
0,1,0.9151230837207531
0,1,0.674268444685073
0,0,0.5134311167231211
0,1,0.9720769988751657
0,1,0.7592177953833205
0,0,0.3849452376946918
0,0,0.07130054922030425
0,1,0.8113818581745614
0,1,0.9966551518673422
0,1,0.7059553750270562
0,1,0.7664840480401858
1,0,0.5982250202145618
0,0,0.3938438324235463
0,1,0.8609205532860973
0,1,0.9647216658215144
0,1,0.968494549806887
0,1,0.960149152307488
0,1,0.7073720503152533
0,0,0.5814340164092408
0,1,0.8989207302219624
0,0,0.24419127875502153
0,1,0.8808249205904198
0,1,0.7537465578599112
0,0,0.4809467094886131
0,0,0.25451375200046067
0,1,0.9750588471581558
0,1,0.9749525521297469
0,0,0.06056467907927074
0,1,0.7316660872555738
0,0,0.6366884504623797
0,1,0.9573508340326233
0,0,0.13800833248839808
0,1,0.9716615655903091
0,0,0.31179336767924265
0,0,0.30685842051576356
0,1,0.9596071068738189
0,1,0.9616289982206697
0,1,0.9647556724671063
0,1,0.7716880463844261
0,1,0.8939550762303423
0,1,0.6797024458338804
0,0,0.18843271857701901
0,1,0.7853068648409568
0,0,0.020639252009798006
0,0,0.2222753992900472
0,0,0.6312589072478703
0,1,0.7447885438018799
0,0,0.23191970421059008
0,0,0.15516221170302802
0,0,0.3904995376389771
0,1,0.8808991902033215
0,0,0.42902711042207403
0,0,0.44999804680364597
0,1,0.7468362659936942
0,1,0.9546723027170532
0,1,0.9504646925809233
0,0,0.609222649161032
0,0,0.19669339446556472
0,0,0.01794915354518181
0,0,0.5826803929162444
0,1,0.6990222457391427
0,0,0.22370897917249444
0,0,0.6113796725494514
0,0,0.32920321376152
0,0,0.24471543059397308
0,1,0.9541484864023954
0,1,0.9626439422312923
0,1,0.9042303818937772
0,1,0.8411997082803989
0,0,0.2022390474826316
0,1,0.9955549442867703
0,1,0.7820038861184322
0,0,0.5273980354711251
0,0,0.33231178495227665
0,0,0.19678165153125313
0,0,0.5734116127785431
0,1,0.960193118940407
0,0,0.0008033169113421861
0,1,0.6979807505553773
0,1,0.71928341373269
0,0,0.007540686484099371
0,0,0.5977972237789091
0,1,0.9365196769916494
0,1,0.6715746603240224
0,0,0.2858996249300295
0,0,0.5678962834814962
0,0,0.630817908511932
0,1,0.9679901844910919
0,0,0.6291740640113953
0,0,0.5033013459413861
0,1,0.7151492807153931
0,0,0.14158881021656347
0,1,0.9921005620414832
0,1,0.9659855624384371
0,1,0.7306055308760329
0,0,0.605417335960553
0,1,0.8406400580432255
0,1,0.9226243754546022
0,1,0.9953832158535862
0,0,0.260937983374733
0,0,0.17520561850558208
0,1,0.710789902789461
0,0,0.4136968533458813
0,1,0.9133581309246509
0,1,0.996655883956839
0,0,0.21441745533684498
0,1,0.9850911994823908
0,0,0.07662719666786133
0,1,0.94784844671002
0,0,0.37857346365462025
0,1,0.8084574773628018
0,0,0.50357125838158
0,0,0.275154752620056
0,1,0.6891013371082858
0,0,0.08146638940292229
0,1,0.9471159737845317
0,1,0.9660663378916918
0,0,0.35459011647507144
0,1,0.7207371107236382
0,1,0.6723450370389815
0,0,0.5849043317288803
0,0,0.2763278255508089
0,0,0.45941452411655187
0,0,0.056815572112844236
0,1,0.9624871544907271
0,0,0.5805927300784294
0,0,0.14321146159567286
0,1,0.9687335216223366
0,1,0.6638226811241337
0,1,0.770179610217
0,1,0.9013108344991145
0,0,0.07387896484155089
0,0,0.25998539275727717
0,1,0.6674550218845101
0,1,0.9577981109186188
0,1,0.8502017698131775
0,1,0.792280484475615
0,1,0.9783844883029074
0,0,0.11167819349318216
0,1,0.7305420419816724
0,0,0.12990275686989433
0,1,0.7404512134585666
0,0,0.21954583311365505
1,1,0.703635132879104
0,0,0.07790653547487084
0,0,0.5504545954167126
1,1,0.6878161267851765
0,0,0.61492366726991
1,0,0.23310019057625198
0,0,0.0046839739350985005
0,1,0.9196904464017063
0,0,0.6443825925950132
0,0,0.055312768206644804
0,0,0.19037381688830993
0,0,0.19107729020185565
0,1,0.7518793372380487
0,0,0.45945169121200363
0,1,0.9584343788886982
0,0,0.08623091808310063
0,1,0.7389485690715251
0,0,0.4904562696593181
0,0,0.4589030763453654
0,1,0.8856743068031031
1,1,0.95697332808321
0,0,0.18936970427485555
0,0,0.6134390391434928
0,1,0.9225767006475302
0,0,0.6419795555156153
0,0,0.32012415295083146
0,1,0.6674448475042782
0,1,0.7285287455886678
0,0,0.18332216338569346
1,1,0.9565062131107345
0,0,0.3425395321575833
0,0,0.580076028295592
0,0,0.567976215177746
0,1,0.915337391885793
1,0,0.49128018715933475
0,0,0.28216111180728193
0,0,0.24155705420233903
0,1,0.7376378884909088
0,1,0.7757815319765473
0,0,0.3281520193943519
0,0,0.3747076677194473
0,1,0.9594725447179838
0,1,0.6898063612804157
0,0,0.35838889722022005
0,1,0.8900417490606954
0,1,0.7729779945276831
0,0,0.2683435514038206
1,1,0.6902977885225926
0,0,0.26005263076908725
0,1,0.933595635503294
0,0,0.004505903368738581
0,0,0.39024948583275015
0,1,0.7155630007918802
0,1,0.7033435840736164
0,0,0.46103393660378805
0,0,0.29247222631884373
0,0,0.5842401638913445
0,1,0.9547316464344687
0,1,0.9469977640934137
0,0,0.3426969836438633
0,0,0.6122970686082284
0,0,0.32273563544305905
0,0,0.4208707970600609
0,0,0.5281671380779285
0,0,0.11065756387885528
0,1,0.6660340171994685
0,1,0.7409176583298354
0,0,0.3393490908553653
0,0,0.19365409212119009
0,1,0.8916346432648495
0,0,0.068938477801406
0,1,0.7296426709018672
0,0,0.21205231317469037
0,1,0.7885612033754886
0,0,0.211615856307676
0,1,0.8447716062118588
0,1,0.9658710654801994
0,0,0.27944014377405213
0,0,0.31881562857023577
0,0,0.26071104490628977
0,1,0.7696459878474011
0,1,0.6820762423206752
0,0,0.19252519405614782
0,1,0.7728798933647231
0,1,0.9501141987865208
0,0,0.6362673729546365
0,1,0.675452375071162
0,1,0.9287477105376846
0,0,0.36534544456165896
0,1,0.7814480615947383
0,0,0.6469895765562524
0,0,0.3519892199581557
0,1,0.9563296478537757
0,1,0.9646584510534323
0,0,0.0711620942931175
0,0,0.31563147369791483
0,0,0.6396975816181987
0,1,0.6948611783312141
0,1,0.9927341642452822
0,0,0.6455713545091863
0,1,0.7459888254260157
0,1,0.9404005987174497
0,0,0.058929297677171734
0,1,0.7151361709167565
0,0,0.2830737784067753
0,1,0.9305382698866215
0,1,0.6765167434303502
1,1,0.7434503547163588
0,1,0.7082675885729641
0,0,0.595874471636889
0,1,0.7206955876451075
1,0,0.5674859596041776
0,1,0.7449839597412453
0,1,0.9724823988087865
0,1,0.981075612622822
0,1,0.8195685979030449
0,0,0.49085357338979346
0,0,0.1441143461988854
0,0,0.03492446749049228
0,0,0.3928628593241047
0,0,0.186883844140924
0,0,0.22382314612165236
0,1,0.8931646047451599
0,1,0.8362468605456098
0,0,0.37728390475939877
0,1,0.9938552733912008
0,0,0.5922651813300508
0,1,0.7622560128982101
0,0,0.5030389938254526
0,1,0.7631451875880423
0,0,0.30299127190327013
0,0,0.18318247009462676
0,0,0.5799070063145237
0,0,0.29694353118766714
0,1,0.7435479495398643
0,0,0.3565124163453462
0,1,0.7466897603834391
0,1,0.9288799989479173
0,0,0.10811288348487609
0,1,0.6569549915163847
0,1,0.6818567647322086
0,1,0.944179249095718
0,1,0.7760027584500679
0,1,0.6941753503970963
0,1,0.9486831830714314
0,1,0.8512114134935043
0,0,0.28109308728476234
0,0,0.5297871108112797
0,1,0.7155733575517284
0,0,0.007198841475037645
0,1,0.9050973260644519
0,1,0.6994627732717326
0,0,0.2662320569330918
0,0,0.6062482177727649
0,0,0.2127058866495005
1,1,0.7329500650247849
0,1,0.8403334021542808
1,1,0.9784581185211931
0,0,0.07311926376151935
0,0,0.5848069434345501
0,1,0.935777039432032
0,1,0.9444152294397042
0,0,0.28441406304761535
0,0,0.18629953536185256
0,0,0.4533335127544831
0,1,0.7048657210129907
0,0,0.5481363742451639
0,1,0.7096665705461424
0,1,0.9562680725204029
1,1,0.6569086785159414
0,1,0.7304569301044412
0,1,0.9952193838578057
0,0,0.521867851078348
0,0,0.6232163178228862
0,1,0.7288305795152134
0,0,0.09416438848744214
0,0,0.5337618728306149
0,1,0.6706829212258708
0,0,0.5108521801166109
0,1,0.7520142110906933
0,0,0.31088755637953536
0,0,0.5129847816652008
0,0,0.651796617301835
0,0,0.29327967756012235
0,1,0.8727236958507096
0,1,0.9440792507148404
0,0,0.47762155311941246
0,1,0.9478252126970993
0,1,0.6998684349877985
0,1,0.840866955872035
0,1,0.7189220430607237
0,0,0.04510086912916596
0,1,0.9687422938647865
0,1,0.9607099903405312
0,1,0.9604670483517143
0,0,0.5850192807725797
0,0,0.2038816410227072
0,0,0.6045246852849094
0,1,0.6591442119404533
0,1,0.9933226008702248
0,1,0.9528265214874352
0,1,0.9522977084969149
0,0,0.5909692616114037
0,1,0.9537137053024123
0,1,0.8715504116873252
0,0,0.258927054936032
0,0,0.5811737041076757
0,0,0.02661940233878565
0,0,0.627838591402252
0,0,0.40404936912177064
0,0,0.33060299284831457
0,1,0.7174318139339302
1,0,0.12449571381417779
0,0,0.6244406733758237
0,0,0.04833070691672081
0,1,0.7646736791168677
0,0,0.30730346359797
0,0,0.6174902947019879
0,0,0.46348390255458133
0,0,0.331697074928606
0,1,0.8133578897706014
0,0,0.5824711434757809
0,0,0.4772544581592724
0,0,0.1987534785650111
0,0,0.5644036531859932
0,0,0.23214889551862117
0,1,0.9412121023180995
0,0,0.1038942160452027
0,1,0.9714707130172175
0,1,0.9939755235173291
0,0,0.4275616349818033
0,1,0.8734941089988757
0,0,0.31850352924447256
0,0,0.13569485340836773
0,1,0.9109358262176569
0,0,0.03360866141326956
0,0,0.25921255282781525
0,0,0.3975739555288949
0,1,0.9685587310141541
0,1,0.7525507916127993
0,0,0.42359287758536934
0,0,0.5211254891128422
0,1,0.964059804698874
0,0,0.5689035178892995
0,0,0.5857487276622051
0,1,0.9961320841088954
0,0,0.09964279738183236
0,1,0.7444104077364038
0,0,0.633624431187031
0,1,0.9731586879220769
0,0,0.3479384206215465
0,1,0.9537984887427191
0,1,0.9550751922515388
0,0,0.4143010800319372
0,1,0.6950025402925567
0,0,0.42704652848170993
0,0,0.5889529722754056
0,1,0.6862280726645758
0,1,0.95035681607022
0,1,0.8283032687888233
0,0,0.18082173596115533
0,0,0.1119444166156046
0,1,0.9597937458943272
0,1,0.923783548277104
0,0,0.306609511987121
0,1,0.8396385333733546
0,1,0.9709650905024098
0,1,0.7591116817281707
1,0,0.23011983597734842
0,0,0.6387496368226466
0,1,0.6573075685076214
0,0,0.3380435097599088
0,0,0.1687037517723675
0,0,0.3644708465669687
0,0,0.18408587556106568
0,0,0.4353083517267813
0,0,0.6380933557207834
0,0,0.1015591363528644
0,0,0.5619404683726209
0,0,0.6345422586806649
0,1,0.7739716417883801
0,1,0.9691120735338
0,1,0.9547573626825872
0,1,0.9633240353940992
0,1,0.710371750558909
0,0,0.2248791862941991
0,1,0.7411434891750526
0,1,0.9555938783731497
0,0,0.6323348576955232
0,1,0.9946813659258674
0,1,0.7605596118021183
0,0,0.49519541205936574
0,1,0.9588316541891655
0,1,0.7087407243461622
0,1,0.6847153543970748
0,0,0.5288697345689322
0,0,0.1698935291209715
0,1,0.9710911721812051
0,0,0.6240334845983474
0,0,0.1024726367496454
0,1,0.9490047713935107
0,0,0.5031953505270563
0,1,0.7679078509016971
0,1,0.7430708277765297
0,0,0.6511138248914575
0,0,0.3282712403448367
0,1,0.9226146280204245
0,1,0.9727120178154635
0,0,0.3495984333295916
0,0,0.6307523926100438
0,0,0.2689298873254471
0,0,0.1440753207944098
0,1,0.935375997189058
0,1,0.8570238047985829
0,0,0.07860922379665669
0,0,0.6287381774345291
0,1,0.8208595062458313
0,0,0.5217451087252606
0,1,0.6732552614861981
0,1,0.9445846220309555
0,0,0.08234356416333427
0,1,0.9250197583205455
0,0,0.4651715893891875
0,0,0.40582328941072604
0,0,0.3217483077852632
0,1,0.8253814555873648
0,1,0.9920353078227863
0,0,0.07824049837677392
0,1,0.9314372955356758
0,0,0.22090425588080412
0,1,0.9602002687416943
0,1,0.721070802131228
0,1,0.9529087378886675
0,0,0.056785800616167524
0,1,0.7472270994992534
0,0,0.2092827971829636
0,0,0.5180450542613132
0,0,0.6556659071524531
0,0,0.4524832664239386
0,1,0.76029600405967
0,0,0.07173899368294274
0,1,0.718759652765576
0,1,0.94022767136679
0,1,0.9733883663787947
1,0,0.3869625527840475
0,0,0.5585665378858787
0,0,0.28110602619604114
0,0,0.3345281240448152
1,1,0.883876578312704
0,1,0.6832944690586179
0,1,0.9660744167787696
0,1,0.8912368886147747
0,0,0.3490287262039309
0,1,0.9920722616803864
0,1,0.9726784829859624
0,0,0.3111074241777947
0,0,0.21927364437943522
0,1,0.942846508809803
0,0,0.4931199746965867
0,1,0.7002909148101852
0,0,0.6309198641976788
0,0,0.34173335358667445
0,1,0.9201452355379584
0,0,0.5289199971518558
0,0,0.625409697331572
0,0,0.355376924533304
0,1,0.896773032429779
0,1,0.814184665564483
0,1,0.7244792996502076
0,0,0.12202541902737618
0,1,0.8531177757816555
0,1,0.926191254942142
0,1,0.754586270035323
0,0,0.4975785453982233
0,0,0.27630453829883717
1,1,0.9689508000741494
0,0,0.40910567256872704
0,0,0.5668823063539435
0,0,0.6321280733439946
0,0,0.6526210422758242
0,1,0.9617005611769072
0,1,0.7436512433563917
0,0,0.48928260399075574
0,0,0.5764969527239235
0,1,0.6896425992339859
0,1,0.6909710115019622
0,0,0.6117858469062816
0,1,0.9229692813050819
0,1,0.9939551287903361
0,0,0.2829315302049042
0,1,0.9412952275908412
0,0,0.5550172183819153
0,1,0.951466849624032
0,1,0.9754409015897733
0,0,0.3015571582336043
0,0,0.10356976975967704
0,0,0.1910912734717279
